{"metadata":{"asset_id":"1e1faab4-4efe-4e3a-8b14-8898601ac036","asset_attributes":["data_asset","location_definition"],"name":"powerSystemFaultDataset.csv","asset_type":"data_asset","created_at":"2025-08-03T17:36:57Z","origin_country":"us","owner_id":"IBMid-69800116TM","project_id":"4200b2fc-989f-41f9-8d3f-1e17f9e583ce","size":48563,"usage":{"last_update_time":1754242619217,"last_updated_at":"2025-08-03T17:36:59Z"}},"entity":{"data_asset":{"dataset":false,"mime_type":"text/csv"},"location_definition":{"physical_location_code":"LON","physical_location_code_assigned_by":"IBMid-69800116TM","physical_location_code_rds_id":"c57cb90f-2126-3800-9c9f-9eab82021cdf","physical_location_code_rds_version":"00002025-0730-4113-8539-002483000000_5","physical_location_code_assignment_method":"INFERRED","physical_location_code_added_on":"1754242619215"}},"attachments":[{"id":"79a0b898-7784-416c-a1e8-f8f902eb8d3c","version":2,"asset_type":"data_asset","name":"powerSystemFaultDataset.csv","mime":"text/csv","datasource_type":"193a97c1-4475-4a19-b90c-295c4fdc6517","object_key":"powerSystemFaultDataset.csv","creator_id":"IBMid-69800116TM","create_time":1754242619216,"size":48563,"is_remote":false,"is_managed":false,"is_referenced":true,"is_object_key_read_only":true,"is_user_provided_path_key":true,"transfer_complete":true,"is_partitioned":false,"complete_time_ticks":1754242619216,"user_data":{},"test_doc":0,"handle":{"bucket":"powersystemfaulttypeclassificatio-donotdelete-pr-wfflgpgfbp5vvq","location":"eu-gb","type":"bluemix_cos","key":"powerSystemFaultDataset.csv","upload_id":"done","max_part_num":1},"usage":{"access_count":0,"last_accessor_id":"IBMid-69800116TM","last_access_time":1754242619216}}]}
