{"metadata":{"asset_id":"9cdcad36-17a3-4e3d-b3e8-a78e3172c863","asset_attributes":["environment"],"name":"autoai-runtime-24.1-py3.11-S","asset_type":"environment","created_at":"2025-08-03T18:31:56Z","origin_country":"us","owner_id":"IBMid-69800116TM","project_id":"4200b2fc-989f-41f9-8d3f-1e17f9e583ce","sandbox_id":"4200b2fc-989f-41f9-8d3f-1e17f9e583ce","size":0,"tags":["dsx"],"usage":{"last_update_time":1754245916628,"last_updated_at":"2025-08-03T18:31:56Z"}},"entity":{"environment":{"sub_type":"notebook","display_name":"Runtime 24.1 on Python 3.11 AutoAI-S","hardware_specification":{"type":"referenced","guid":"e7ed1d6c-2e89-42d7-aed5-863b972c1d2b"},"software_specification":{"type":"referenced","guid":"45f12dfe-aa78-5b8d-9f38-0ee223c47309"},"tools_specification":{"supported_kernels":[{"name":"python3","display_name":"Python 3.11","language":"python","version":"3.11"}],"notebook_extensions":[]}}}}
