{"metadata":{"asset_id":"6a130b6a-505c-429b-8669-a0859951289f","asset_attributes":["environment"],"name":"autoai-runtime-24.1-py3.11-M","asset_type":"environment","created_at":"2025-08-03T18:17:19Z","origin_country":"us","owner_id":"IBMid-69800116TM","project_id":"4200b2fc-989f-41f9-8d3f-1e17f9e583ce","sandbox_id":"4200b2fc-989f-41f9-8d3f-1e17f9e583ce","size":0,"tags":["dsx"],"usage":{"last_update_time":1754245039016,"last_updated_at":"2025-08-03T18:17:19Z"}},"entity":{"environment":{"sub_type":"notebook","display_name":"Runtime 24.1 on Python 3.11 AutoAI-M","hardware_specification":{"type":"referenced","guid":"c076e82c-b2a7-4d20-9c0f-1f0c2fdf5a24"},"software_specification":{"type":"referenced","guid":"45f12dfe-aa78-5b8d-9f38-0ee223c47309"},"tools_specification":{"supported_kernels":[{"name":"python3","display_name":"Python 3.11","language":"python","version":"3.11"}],"notebook_extensions":[]}}}}
