{"metadata":{"asset_id":"67320f09-8188-468f-9451-507b473cec4c","asset_attributes":["notebook","location_definition"],"name":" P9 - Random Forest Classifier: powerSystemFaul...","asset_type":"notebook","created_at":"2025-08-03T18:17:19Z","description":"","origin_country":"us","owner_id":"IBMid-69800116TM","project_id":"4200b2fc-989f-41f9-8d3f-1e17f9e583ce","size":35156,"tags":["notebook"],"usage":{"last_update_time":1754245091475,"last_updated_at":"2025-08-03T18:18:11Z"}},"entity":{"notebook":{"kernel":{"display_name":"Python 3.11","name":"python3","language":"python"},"originates_from":{"type":"file"},"runtime":{"environment":"6a130b6a-505c-429b-8669-a0859951289f"}},"location_definition":{"physical_location_code":"LON","physical_location_code_assigned_by":"IBMid-69800116TM","physical_location_code_rds_id":"c57cb90f-2126-3800-9c9f-9eab82021cdf","physical_location_code_rds_version":"00002025-0730-4113-8539-002483000000_5","physical_location_code_assignment_method":"INFERRED","physical_location_code_added_on":"1754245040241"}},"attachments":[{"id":"b0663291-677a-40b9-a43c-25899baeb8d7","version":2,"asset_type":"notebook","name":"attachment for notebook 67320f09-8188-468f-9451-507b473cec4c","description":"attachment for notebook 67320f09-8188-468f-9451-507b473cec4c","mime":"application/json","datasource_type":"193a97c1-4475-4a19-b90c-295c4fdc6517","object_key":"notebook/autoai_notebook_78703076-ea07-426d-b4f3-20ef1d267ff7_P9_1754245039337.ipynb","creator_id":"IBMid-69800116TM","create_time":1754245040242,"size":35156,"is_remote":false,"is_managed":false,"is_referenced":true,"is_object_key_read_only":false,"is_user_provided_path_key":true,"transfer_complete":true,"is_partitioned":false,"complete_time_ticks":1754245040242,"user_data":{},"test_doc":0,"handle":{"bucket":"powersystemfaulttypeclassificatio-donotdelete-pr-wfflgpgfbp5vvq","location":"eu-gb","type":"bluemix_cos","key":"notebook/autoai_notebook_78703076-ea07-426d-b4f3-20ef1d267ff7_P9_1754245039337.ipynb","upload_id":"done","max_part_num":1},"usage":{"access_count":0,"last_accessor_id":"IBMid-69800116TM","last_access_time":1754245040242}}]}
