{"metadata":{"asset_id":"d3d28bb2-d211-4fcb-af6b-d5ae2b274477","asset_attributes":["wml_pipeline"],"name":"powerSystemFaultTypeClassificationByMachineLearning","asset_type":"wml_pipeline","created_at":"2025-08-03T17:43:15Z","origin_country":"gb","owner_id":"IBMid-69800116TM","project_id":"4200b2fc-989f-41f9-8d3f-1e17f9e583ce","sandbox_id":"4200b2fc-989f-41f9-8d3f-1e17f9e583ce","size":0,"tags":["dsx-project.4200b2fc-989f-41f9-8d3f-1e17f9e583ce"],"usage":{"last_update_time":1754242995622,"last_updated_at":"2025-08-03T17:43:15Z"}},"entity":{"wml_pipeline":{"document":{"doc_type":"pipeline","pipelines":[{"id":"autoai","nodes":[{"id":"automl","op":"kube","parameters":{"incremental_learning":false,"input_file_separator":",","n_parallel_data_connections":4,"one_vs_all_file":true,"optimization":{"compute_pipeline_notebooks_flag":true,"cv_num_folds":3,"daub_adaptive_subsampling_max_mem_usage":15000000000,"feature_selector_mode":"auto","global_stage_include_batched_ensemble_estimators":["BatchedTreeEnsembleClassifier(ExtraTreesClassifier)","BatchedTreeEnsembleClassifier(LGBMClassifier)","BatchedTreeEnsembleClassifier(RandomForestClassifier)","BatchedTreeEnsembleClassifier(SnapBoostingMachineClassifier)","BatchedTreeEnsembleClassifier(SnapRandomForestClassifier)","BatchedTreeEnsembleClassifier(XGBClassifier)"],"holdout_param":0.1,"label":"Fault Type","learning_type":"classification","max_num_daub_ensembles":2,"run_cognito_flag":true,"scorer_for_ranking":"accuracy"},"output_logs":true,"stage_flag":true},"runtime_ref":"autoai","type":"execution_node"}],"runtime_ref":"hybrid"}],"primary_pipeline":"autoai","runtimes":[{"app_data":{"wml_data":{"hardware_spec":{"id":"a6c4923b-b8e4-444c-9f43-8a7ec3020110","name":"L"}}},"id":"autoai","name":"auto_ai.kb"}],"version":"2.0"},"ml_version":"4.0.5"}}}
